Name,Typologie société,Représentant légal,Adresse siège social,Téléphone,mail,LABEL,Catégorie ,Adresse ,Entreprise connue,Entp recommandée? ,Origine importation
2B HABITAT 31,EURL,,"1 IMP DU SERIN CINI, 31600 LHERM",0635227250,2bhabitat31@gmail.com,,"Plaquiste,Entrep. Voirie",,,,Base donnée AR
3C,SASU,,"8 rue rolonde trempe, 31400 toulouse, France",0626647744,jamelhafdhali@yahoo.fr,,Charpentier,,,,Base donnée AR
A&H Reno,EI,,"41 Rue de la Découverte 31670 Labège, 31670 Labège, France",0768760843,a.h.reno2003@gmail.com,,Carreleur,,,,Base donnée AR
AASO H24,SAS,,"176 Chemin de Lestang, 31100 Toulouse, France",0651147872,adelinecampan@gmail.com,,"Plombier,Électricité,Serrurier,Vitrier,Poseur/réparateur de volet roulant",,,,Base donnée AR
AB31 CONSTRUCTION,SASU,,"6 ALLEE DU VAL D'ARAN, 31770 COLOMIERS, France",0760494669,contact.asfsolaire@gmail.com,,Autres,,,,Base donnée AR
ACP ELECTRIC,SASU,,"30 Square Delpech, 31600 Muret, France",0767678882,acp.electric31@gmail.com,,Électricité,,,,Base donnée AR
AFRANCE2,EI,,"7 rue des chamois bat H no 360, 31200 Toulouse, France",0647798653,AFRANCE2BAT@hotmail.com,,Entreprise de construction,,,,Base donnée AR
AG ELECTRICITE,Non spécifié,,"11 Avenue des MAROTS, 31770 COLOMIERS, France",0619997681,contactagelec31@gmail.com,,Électricité,,,,Base donnée AR
AG Peinture,EI,,"8 chemin du canalet, 31140 Aucamville, France",0783809757,agpeinture31@gmail.com,,Peintre,,,,Base donnée AR
Alialec,EI,,"24 rue aimé Césaire, 31270 Cugnaux, France",0671569656,krmalla31@gmail.com,,Électricité,,,,Base donnée AR
ALLIANCE ISOLATION,SAS,,"2A DU TERLON 2 RUE DE L'EUROPE, 31850 Montrabe, France",0649351462,cedric.respau@alliance-isol.fr,,Autres,38502492200044,,,Base donnée AR
ALPHA RENOV FRANCE,SAS,,"10 RUE ISAAC NEWTON, 31830 PLAISANCE DU TOUCH, France",0637182596,mannoubihabib@gmail.com,,"Électricité,Couvreur",,,,Base donnée AR
Amm,Auto-entrepreneur,,"12 chemin des palanque nord, 31120 Portet sur Garonne, France",0644047817,mohamed.amm@bbox.fr,,Charpentier,,,,Base donnée AR
Amnari,Non spécifié,,"20 chemin d’Encourse, 31140 Launaguet, France",0601211175,aquaclim31@gmail.com,,Plombier,,,,Base donnée AR
AMRI WALID,Non spécifié,,"2 esplanade jaques chirac, 31270 Cugnaux, France",0763943283,art.finition31@gmail.com,,Peintre,,,,Base donnée AR
And'renov,Non spécifié,,"730 route de Seilli, 31840 Aussonne, France",0752142537,andretert09200@gmail.com,,Entreprise de construction,,,,Base donnée AR
antico,Non spécifié,,"65 Rue Alain Savary, 31270 Cugnaux",=+33663638319,elbouzakri31m@gmail.com,,Poseur de cuisine,,,,Base donnée AR
ants services,Non spécifié,,"10 Rue de Fenouillet, 31200 Toulouse, France",=+33611051701,(pas d'email visible),,"Étancheur,Étancheur bitume,Entreprise d'isolation",,,,Base donnée AR
AOURES CONNECT,SAS,,"16 rue de la solidarité, appt 120, 31830 Plaisance du Touch, France",0650952062,faouraghd9@gmail.com,,Électricité,,,,Base donnée AR
ARC 31,SASU,,"305 chemin de Carbounel, 31840 AUSSONNE, France",0760445239,contact@arc31.fr,,"Plombier,Électricité,Peintre,Carreleur,Parquetiste,Plaquiste,Entrepreneur TCE,Poseur de cuisine,Poseur de dressing,Spécialiste salle de bains",91121195100023,,,Base donnée AR
ArnaudElec31,Auto-entrepreneur,,"32 rue Paul Valery, 31200 Toulouse, France",0660012232,elecarnaud@gmail.com,,Électricité,,,,Base donnée AR
ART SA,Auto-entrepreneur,,"86 Chemin de Croix Bénite 31200 Toulouse, 31200 Toulouse, France",0773760409,saidlabdelkeder1972@gmail.com,,"Dalleur,Carreleur,Démolisseur,Entreprise de construction,Terrassier,Plaquiste,Chapiste,Poseur de clotures,Maçon VRD,Maçon",,,,Base donnée AR
ART SUD PEINTURE,EI,,"150 rue Nicolas Louis Vauquelin, 31100 Toulouse, France",0760103762,malki.hamma@gmail.com,,Peintre,,,,Base donnée AR
Artisan deco,EI,,"170 rue de Périole, 31500 Toulouse, France",0769343338,artisansdco@yahoo.com,,Peintre,,,,Base donnée AR
AS CONSTRUCTION,EI,,"10 Rue de la République, 31140 Pechbonnieu, France",0766621095,asconstruction@hotmail.com,,Entrepreneur BTP,,,,Base donnée AR
AS Ecom,Auto-entrepreneur,,"16 rue du dire avril, 31500 Toulouse, France",0769950678,slsexy.azcuz@gmail.com,,Carreleur,,,,Base donnée AR
AS RENOVATION,EI,,"28 chemin du Castelet, 31120 Portet-sur-Garonne, France",0663953275,aselectricite31@gmail.com,,"Électricité,Charpentier,Carreleur,Démolisseur,Entrepreneur de Voirie,Chapiste,Entrepreneur BTP",,Oui,oui,Base donnée AR
AZ Constructions et Rénovations,SAS,,"34 rue Jules Amilhau, 31100 Toulouse, France",0603345527,az.constructionsetrenovations@gmail.com,,"Électricité,Entreprise de construction,Entrepreneur BTP",,,,Base donnée AR
B.S RENOVATION,SASU,,"61 rue pierre cazeneuve, 31200 toulouse, France",0780331886,b.srenovation@outlook.fr,,"Service à la personne,Peintre",,,,Base donnée AR
Bâti Lopez,EI,,"4 place du Sidobre, 31140 Colomiers, France",0773778540,batilopez06@gmail.com,,Maçon,,,,Base donnée AR
BENOUIS LARBI BENOUIS NORINE - PEINTURE NOR,EI,,"18 rue de menton, 31400 Toulouse, France",0769548426,caip03710@gmail.com,,Peintre,,,,Base donnée AR
BERRADIA BOUSID,EI,,"186 ROUTE DE LAUNAGUET, 31200 Toulouse, France",0622021856,bousid.berradia31@gmail.com,,Chauffagiste,,,,Base donnée AR
BERTOBAT,SARL,,"826 Route d'Eaunes, 31870 Beaumont-sur-Lèze, France",=+33763707147,bertobat31@gmail.com,,"Service à la personne,Dalleur,Démolisseur,Entreprise de construction,Terrassier,Entrepreneur BTP,Coifreur / bancheur,Ferrailleur,Poseur de clôtures,Entreprise de terrassement,Maçon",,,,Base donnée AR
BHC RÉNOVATION,SASU,,"61 rue pierre Cazeneuve, 31200 Toulouse, France",0652059865,bhcrenov@gmail.com,,"Plombier,Électricité,Peintre,Autres",,,,Base donnée AR
Bigue,Non spécifié,,"29 avenue du Général de Gaulle, 31700 Blagnac, France",0658208221,taram.basacou@gmail.com,,"Menuisier,Ferronnier",,,,Base donnée AR
bina travaux 31,SAS,,"96or avenue de lyon, 31500 Toulouse, France",0610211280,bina@neuf.fr,,Entreprise de construction,,,,Base donnée AR
BL31,EI,,"14 Passage Paul Gauguin, 31100 Toulouse, France",=+33664360628,BL31@live.fr,,Électricité,,,,Base donnée AR
BMBAT31,Micro-entreprise,,"60 allée de bellefontaine, 31100 Toulouse, France",0766010208,mansourboujeffan@gmail.com,,Spécialiste salle de bains,,,,Base donnée AR
BMR Plâtrerie,EI,,"2 Chemin des Syndics, 31700 Cornebarrieu, France",0664788493,bmr.placo31@gmail.com,,"Peintre,Enduiseur,Parquetiste,Plaquiste,Menuisier Poseur,Entrepreneur BTP",,,,Base donnée AR
Boscat,SARL,,"1632 route de Varennes, 31340 le born, France",0677799423,boscatrc@gmail.com,,(Non spécifiée),,,,Base donnée AR
BOUAZIZI AYMEN,Auto-entrepreneur,,"56 chemin de la pelude, 31400 toulouse, France",0635434395,aymenbouazizi31@gmail.com,,Plaquiste,,,,Base donnée AR
Boudhiba Lyes,Non spécifié,,"3 Rue de l'Orient, 31000 Toulouse, France",=+33673585856,boudhiba.e@live.fr,,"Plombier,Électricité,Peintre,Carreleur,Démolisseur,Parquetiste,Plaquiste,Poseur de dressing,Poseur de papier peint,Peintre en bâtiment,Poseur de moquette,Plâtrier",,,,Base donnée AR
BSM PEINTURE,SASU,,"3 RUE CHARLOTTE DELBO BAT B appt 10, 31200 TOULOUSE, France",0642546857,bsm.societe@hotmail.com,,Spécialiste salle de bains,,,,Base donnée AR
BST BATIMENT,EI,,"5 impasse de la colombette, 31000 Toulouse, France",0762000789,batiment.bst@gmail.com,,Entrepreneur BTP,,,,Base donnée AR
BTP occitanie,EI,,"9, rue Marcel Pagnol, 31100 Toulouse, France",0603398063,btp.occitanie.31100@gmail.com,,Entrepreneur BTP,,,,Base donnée AR
Carroceram,SASU,,"39 Rue Jean Dousset, 31100 Toulouse, France",0768852673,carroceram31@gmail.com,,Carreleur,,,,Base donnée AR
CBT Habitat,EI,,"42 rue de la découverte, 31670 Labège, France",0661224634,ichabitat.adsl@gmail.com,,"Charpentier,Couvreur",88439630000011,,,Base donnée AR
CCELEC,EI,,"40 RUE DE BAGNOLS, 31790 SAINT JORY, France",0751168631,court.circui123@gmail.com,,Électricité,88031305100026,,,Base donnée AR
CG PEINTURE,EI,,"980 route du village, 31370 LE PIN MURELET, France",0610566063,cg.peinture31@gmail.com,,Peintre,,,,Base donnée AR
CHB SOLUTIONS,Non spécifié,,"14 rue de la gironde, 31100 toulouse",0781599854,haythem.chaieb91@gmail.com,,Autres,,,,Base donnée AR
CHEBBI RIDHA,Micro-entreprise,,"12 rue de la fregale, 31240 L'union, France",0783268207,chebbiconstruction31@gmail.com,,"Service à la personne,Plombier,Peintre,Entreprise de construction",,Oui,non,Base donnée AR
Chokri saoudi,Non spécifié,,"44 avenue de fronton, 31200 Toulouse",0780372426,saoudic13@gmail.com,,Enduiseur,,,,Base donnée AR
Cleanup Service,Non spécifié,,"6 chemin Léopold Galy, 31300 Toulouse, France",0695943769,cleanupservicepro@gmail.com,,Nettoyeur de bâtiment,,,,Base donnée AR
CLIMAISON(95395183700012),SASU,,"3 IMP BERNADAS, 31270 VILLENEUVE-TOLOSANE, France",0745277790,contact.climaison@gmail.com,,"Plombier,Chauffagiste,Plaquiste",,Oui,oui,Base donnée AR
Climeo31,EURL,,"32 Rue Bellegargues, 31140 Aucamville, France",0660219962,cyril.renard31000@yahoo.fr,,Plombier,,,,Base donnée AR
CLIMSERVICES MAINTENANCES,EI,,"1531 chemin du Limouzin, 31330 MERVILLE, France",0642502276,climservices31840@gmail.com,,"Plombier,Chauffagiste,Frigoriste",,,,Base donnée AR
Concept habitat,Non spécifié,,"12 rue du château de ribaute, 31130 QUINT FONSEGRIVES",0670006121,concepthabitat31000@gmail.com,,Entreprise de construction,,,,Base donnée AR
CONFORT FLUIDES SERVICES,SARL,,"2 LOTISSEMENT DE LARTIGUE, 31330 MERVILLE, France",0642042587,confortfluidesservices@gmail.com,,Chauffagiste,94499715400017,,,Base donnée AR
CONSTRUCTIONS NARDARI,SAS,,"11 CHEMIN DE MONTBEL, 31270 FROUZINS, France",0680945211,contactnardari@gmail.com,,"Démolisseur,Entreprise de construction,Entrepreneur BTP,Entreprise de fondations,Entreprise de terrassement,Maçon",,,,Base donnée AR
ct bat31,Non spécifié,,"150 rue Nicolas Louis vauquilen, 31100 Toulouse",0767330426,ctbat31@gmail.com,,Enduiseur,,,,Base donnée AR
DADI MOHAMED - MD. CARRELAGE 31,EI,,"BAT E PORTE B9, 48 RUE BONNAT, 31400 TOULOUSE, France",0665158000,md.carrelage@hotmail.com,,Carreleur,,,,Base donnée AR
Daniel Prestations,EI,,"x654 Chemin de l'Estelpugue, 31840 AUSSONNE, France",0628276860,mjdan31@hotmail.fr,,Menuisier,,,,Base donnée AR
Dauvergne thony,Non spécifié,,"Rue des ormeaux 1bis, 31150 Fenouillet",0787187867,dauvergnethony@gmail.com,,Menuisier,,,,Base donnée AR
DB DESIGN,EI,,"556 RTE DE LA TUILERIE, 31530 merenvielle, France",0684350940,deco.bat31@gmail.com,,Plaquiste,,,,Base donnée AR
Dbserv31,Auto-entrepreneur,,"9 residence le clos des oliviers, 31870 Lagardelle sur leze, France",0614107760,dblecl31870@gmail.com,,Électricité,,,,Base donnée AR
DecodiStyle,Auto-entrepreneur,,"16 rue du Ver, 31100 Toulouse, France",0749050759,peugetodillon@yahoo.fr,,Peintre,,,,Base donnée AR
decor facades,EI,,"1 RUE du Collori 31790 Saint-Jory, 31790 Saint-Jory, France",0644191128,decorfacades31@gmail.com,,"Service à la personne,Peintre",SIRET number not found.,,,Base donnée AR
Derbali,Non spécifié,,"Route de seysses, 31100 Toulouse",0698495110,derbali.oulfa@hotmail.fr,,Couvreur,,,,Base donnée AR
DERMOUM KAMAL,EI,,"77 rue louis plana, 31500 TOULOUSE, France",0761162662,Khoussahamza9974@gmail.com,,Peintre,,Oui,oui,Base donnée AR
DM PLÂTRERIE,Non spécifié,,"6 Rue de l'Abbé Gabriel latour, 31200 Toulouse, France",0661015813,derbali26@outlook.fr,,Plaquiste,,,,Base donnée AR
Dmelec,Non spécifié,,"19 avenue du Gers, 31270 Frouzins",0689173485,mispouille.elec@gmail.com,,Électricité,,,,Base donnée AR
DOMISOL,Non spécifié,,"63 rue de paloumere, 31410 Saint Hilaire",0679978029,domisoltournsol@outlook.com,,Peintre,,,,Base donnée AR
Doukoure,Non spécifié,,"8 rue du 19 mars, 31790 Saint jory, France",0767767164,doukourepeinture@gmail.com,,Peintre,,,,Base donnée AR
dr.house rénovation,Non spécifié,,"5 rue Georges ledormeur, 31500 Toulouse",0603278507,dr.houserenov@gmail.com,,Entrepreneur TCE,,,,Base donnée AR
DSD Construction,SASU,,"13 impasse martel, 31470 Fonsorbes, France",0629621936,dsdconstruction25@gmail.com,,Entreprise de construction,,,,Base donnée AR
Dylan Sarat,SARL,,"1 impasse du tourmaiet, 31470 fonsorbes, France",0616364193,dylan.saratpeinture31@gmail.com,,"Peintre,Ravaleur,Ravaleur façade ITE,Poseur de papier peint,Peintre en bâtiment,Parqueteur",,,,Base donnée AR
E.I rénovation,EI,,"4 rue de la République, 31800 saint-Gaudens, France",0770403936,emmanuelrenovhabitat@gmail.com,,"Peintre,Couvreur",,,,Base donnée AR
Eclec,EI,,"11 chemin de Monlong, 31100 Toulouse, France",0665271503,cabrion.eclec@gmail.com,,Électricité,,,,Base donnée AR
EI derbali saber,EI,,"APPT A205 BAT A 6 RUE GUILLAUME APEYRIE, 31100 TOULOUSE, France",0626858728,derbali.saber@hotmail.com,,Service à la personne,,,,Base donnée AR
EI Nils George,EI,,"17 rue de la caravelle, 31300 Toulouse, France",=+33681304977,nils.george@gmail.com,,"Parquetiste,Poseur de dressing,Bardeur,Parqueteur",,,,Base donnée AR
EI.POTHIN THIERRY,Non spécifié,,"5 bis rue du stade, 31700 cornebarrieu",0616229280,pothinthierry@orange.fr,,Plaquiste,,,,Base donnée AR
Ekko habitat,Non spécifié,,"6 place du président Thomas Woodrow Wilson, 31000 Toulouse, France",0669026558,contact@ekko-habitat.fr,,Entrepreneur TCE,,,,Base donnée AR
El HACHMI Oussama,Auto-entrepreneur,,"53 Rue de la Providence, 31500 Toulouse, France",0696374769,oussamaelu190@gmail.com,,Menuisier,,,,Base donnée AR
Elec & multiservices occitanie (E&MO),SARL,,"19 rue honoré de Balzac, 31200 Toulouse, France",0614265979,elecmultiservices.occitanie@gmail.com,,Électricité,,,,Base donnée AR
ÉleckMat,EURL,,"340a Route de Fabas, 31620 Fronton, France",=+33612769909,elec.mat31620@gmail.com,,Électricité,,,,Base donnée AR
ELECTOULOUSE,Auto-entrepreneur,,"19 rue violette szabo, 31200 Toulouse, France",0763322670,Tareksouff@hotmail.com,,Électricité,,,,Base donnée AR
ELECTRITEC INNOVATION,EURL,,"15 CHEMIN DE LA VAL RIOUT, 31450 Ayguesvives, France",0621113585,contact.innovelec31@gmail.com,,Électricité,,,,Base donnée AR
ENR RENOV,EI,,"BAT B APT 101, 45 rue Dominique Clos, 31300 Toulouse, France",0628283342,enr.renov@gmail.com,,Autres,,,,Base donnée AR
entreprise J.Z,Non spécifié,,"1197 chemin de peyrot, 31620 bouloc",0615135120,entreprisejz31@gmail.com,,Ravaleur,,,,Base donnée AR
Etablissements LAZARE,Auto-entrepreneur,,"5 rue Auguste Renoir, 31200 Toulouse, France",0744471394,etlazare@outlook.com,,Plombier,,,,Base donnée AR
EURL ALU PROTECH,EI,,"499 chemin des Turques, 31660 BESSIERES, France",0685241759,contact@alu-protech.fr,,"Couvreur,Autres",,,,Base donnée AR
EURL SANCHEZ,EURL,,"127 CHE DU GAILLARD DU PORT, 31410 NOE, France",0671934921,entreprise.sanchez@gmail.com,,Plaquiste,,,,Base donnée AR
EVONERGY,EURL,,"11 rue Vincent van Gogh, 31100 toulouse, France",0788339041,evonergyfr@gmail.com,,Électricité,,,,Base donnée AR
Fathi renovation,Non spécifié,,"17 avenue emmanuel maignan, 31200 Toulouse, France",0784699114,ayoubfathi0710@gmail.com,,"Plombier,Peintre",,,,Base donnée AR
Faure Concepts Réalisations,Non spécifié,,"12h chemin des maures, 31670 Saint Lys, France",0674826889,sarl.fcr@orange.fr,,"Plombier,Autres,Spécialiste salle de bains",,,,Base donnée AR
FAUX PLAFONDS LECONTE,EI,,"101 bis avenue du pic du ger, 31600 Muret, France",0685292250,leconte.peiffres.fr,,Plaquiste,,,,Base donnée AR
FLORINELECT,Auto-entrepreneur,,"3 Chemin de Monricalzal, 31410 Noe, France",33679379937,florinelect@gmail.com,,"Électricité,Poseur d'alarme,Installateur de panneaux solaires / photovoltaïques,Spécialiste en domotique",SIRET number not found.,,,Base donnée AR
FOE multi service,Non spécifié,,"Lieu-dit la Barbere, 31230 L’Isle-en-Dodon, France",0610610704,foe.multiservice@gmail.com,,Terrassier,,,,Base donnée AR
FONTENIAUD JEAN BAPTISTE(89894190100024),EI,,"24 RUE ST LOUIS, 31500 TOULOUSE, France",0682431705,jeanbaptiste.fonteniaud@hotmail.fr,,"Peintre,Parquetiste,Poseur de cuisine,Poseur de dressing",,,,Base donnée AR
galvan Thomas,Non spécifié,,"8 Chemin du Canalet, 31140 Aucamville, France",=+33671322398,e.m.gplaco@gmail.com,,Plaquiste,,,,Base donnée AR
GBAT PLUS,EI,,"61 RUE DES PYRÉNÉES, 31150 GRATENTOUR, France",0664592049,gbatplus@gmail.com,,Charpentier,85150144500015,Oui,oui,Base donnée AR
GéoTherm - Innov',Non spécifié,,"87 rue Achille Viadieu, 31400 Toulouse, France",0648776639,bawiid@gmail.com,,Installateur de pompe à chaleur,,,,Base donnée AR
Géran Thierry,EI,,"27c Chemin de Tartibau, 31600 Saubens, France",0749542969,t.geran@free.fr,,"Menuisier,Menuisier Poseur",,,,Base donnée AR
GH CONSTRUCTION,SAS,,"5 RUE FERDINAND LAULANIE, 31100 toulouse, France",0761220528,ghconstructions31@gmail.com,,"Service à la personne,Menuisier,Plombier,Électricité,Entrepreneur BTP",,,,Base donnée AR
GN VOLT,SASU,,"116 Route d'Espagne, 31100 Toulouse, France",33781704464,contact.Us@gn-volt.fr,,"Menuisier,Plombier,Peintre,Charpentier,Couvreur,Dalleur,Carreleur,Démolisseur,Étancheur,Entreprise de construction,Enduiseur,Chauffagiste,Plaquiste,Ravaleur,Serrurier,Chapiste,Poseur de cuisine,Poseur de dressing,Pisciniste,Menuisier Poseur,Poseur de véranda,Spécialiste salle de bains,Spécialiste de l'aménagement de combles,Poseur/réparateur de volet roulant,Nettoyeur de bâtiment,Installateur de pompe à chaleur,Installateur de panneaux solaires / photovoltaïques,Entreprise de rénovation énergétique,Installateur de VMC / CTA,Coifreur / bancheur,Ferrailleur,Ravaleur façade ITE,Technicien de maintenance de bâtiments,Poseur de clôtures,Façadier,Technicien en climatisation,Peintre en bâtiment,Parqueteur,Entreprise d'isolation,Plâtrier,Entreprise de fondations,Entreprise de terrassement,Maçon,Poseur de portes et fenêtres",,,,Base donnée AR
Goubaev Entreprise,Auto-entrepreneur,,"15 Avenue Emile Zola, 31520 Ramonville St-Agne, France",0769887277,roustamfr@gmail.com,,Entrepreneur BTP,,,,Base donnée AR
GreenElec31,SAS,,"5 place du Morvan, 31100 Toulouse, France",0664576338,greenelec31@gmail.com,,"Service à la personne,Menuisier,Plombier,Électricité,Peintre",93468584300013,Oui,non,Base donnée AR
GTSERVICES,EI,,"35 allée des tricheries, 31840 Seilh, France",0668179882,toulouse.gtservices@gmail.com,,Entrepreneur BTP,,,,Base donnée AR
H.P.C SOLLUTIONS,Non spécifié,,"2 rue de Hespinasse, 31140 saint alban, France",0782278905,hpcsolutions31@gmail.com,,Plombier,,,,Base donnée AR
H’énergie,EI,,"9 rue Adolphe Thiers, 31400 Toulouse, France",0699744107,ilyashrt@gmail.com,,Entrepreneur BTP,,,,Base donnée AR
Habbouba,Non spécifié,,"1665 route de Toulouse, 31620 Fronton, France",0601366953,eurhabbouba@gmail.com,,Maçon,,,,Base donnée AR
HAJJAR CHRISTOPHE,EI,,"11 rue François arago, 31600 muret, France",0650579620,samyradu59760@hotmail.com,,Plombier,,,,Base donnée AR
HASSAN ATTAF,SARL,,"79 AV FRANCOIS MITTERRAND, 31800 SAINT-GAUDENS, France",0682779774,sanithermeservices@gmail.com,,"Plombier,Chauffagiste",,,,Base donnée AR
HBSolar,Non spécifié,,"quartier Montidet, 31160 Izaut-de-l'Hôtel",0638449695,HBsolar31@gmail.com,,"Service à la personne,Autres",,,,Base donnée AR
Helieau Solutions,SAS,,"2, Rue Lucie Aubrac, 31880 La Salvetat-Saint-Gilles, France",0762230457,amos.saakian@helieausolutions.fr,,Électricité,,,,Base donnée AR
HOME DESIGN,EI,,"9 bis rue chateaubriand, 31830 Plaisance du touch, France",0615230393,consulting.design.engineering@gmail.com,,Menuisier,,,,Base donnée AR
HTE SOLAR,SAS,,"36 bis chemin de Belbèze, 31240 Saint-Jean, France",0760361640,contact@htesolar.com,,Électricité,,,,Base donnée AR
I.K.E ÉLECTRICITÉ,Non spécifié,,"9 RUE BACQUIE FONADE, 31700 BLAGNAC",0644850173,kanteissa@yahoo.fr,,Électricité,,,,Base donnée AR
ICST PLOMBERIE,Non spécifié,,"62 Chemin du Clou, 31100 Toulouse, France",=+33749510306,nad.icst@hotmail.com,,Entrepreneur BTP,,,,Base donnée AR
IMPERM,EURL,,"417 D ROUTE DE MIREMONT, 31870 BEAUMONT-SUR-LEZE, France",0664673886,contact@imperm.fr,,Enduiseur,,,,Base donnée AR
innomenuiserie,EI,,"8 Place Roger Salengro, 31000 TOULOUSE, France",0761047365,contact@innomenuiserie.fr,,"Menuisier,Vitrier,Menuisier Poseur,Poseur/réparateur de volet roulant,Poseur de clôtures",,,,Base donnée AR
INTERCLIM31,SAS,,"31 Avenue Lafforge, 31100 TOULOUSE, France",0651313955,contact.mazzagrani@gmail.com,,"Frigoriste,Autres",,Oui,non,Base donnée AR
Irmouli,Auto-entrepreneur,,"30is impasse de l'azur, 31100 toulouse, France",0674761940,irmouliabid197@gmail.com,,Peintre,,,,Base donnée AR
J&D TradiBoisOccitan,SASU,,"12 RUE Peyrou, 31390 Marquefave, France",0841313201,davrivval@gmail.com,,Menuisier,,,,Base donnée AR
Jan Schilling,Auto-entrepreneur,,"4 rue Hubertine Auclert, 31400 Toulouse, France",0782531809,sevensled@yahoo.fr,,Électricité,,,,Base donnée AR
JASMIN,Non spécifié,,"9 BOULEVARD DU PARADIS, 31490 LEGUEVIN",0624570237,alexandre.jasmin@sfr.fr,,Autres,,,,Base donnée AR
JB solution 31,EI,,"Muret, 31600 Muret, France",=+33627960864,jbsolution31@gmail.com,,"Service à la personne,Plombier,Paysagiste,Serrurier,Poseur de cuisine,Peintre",,,,Base donnée AR
JEM RENO ELECTRIQUE,Non spécifié,,"6 rue du Vignemale, 31700 Beauzelle, France",0665329479,jem.renoelec@gmail.com,,Électricité,,,,Base donnée AR
Jerenov.com,SAS,,"52 BOULEVARD GABRIEL KOENIGS 31300 TOULOUSE, 31300 Toulouse, France",0602959262,Jerenov.com31@gmail.com,,Entrepreneur TCE,,,,Base donnée AR
JK BAT - KK BAT,SAS,,"150 RUE NICOLAS-LOUIS VAUQUELIN, 31100 TOULOUSE, France",0629426169,kjkmou@gmail.com,,Entreprise de construction,,,,Base donnée AR
JULIE DECO,Micro-entreprise,,"14 chemin de la Quedolle, 31160 SENGOUAGNET, France",0687423973,chaman33@rocketmail.com,,"Peintre,Parquetiste",,,,Base donnée AR
julien bigou,EI,,"10 RUE DES BERGERONNETTES, 31530 ST PAUL SUR SAVE, France",0685607985,Julien.bigou@laposte.net,,Menuisier Poseur,,,,Base donnée AR
Juud Batipro,Non spécifié,,"10 allée du Lauragais, 31770 Colomiers, France",0768263998,yayamh36@gmail.com,,Service à la personne,,,,Base donnée AR
KCR FACADES,EI,,"216 route de saint simon, 31100 Toulouse, France",0749851946,kcrfacades@gmail.com,,Enduiseur,,,,Base donnée AR
Ki.menuiseries,Non spécifié,,"10 Clos du Périsse, 31410 MAUZAC, France",0661072848,ki.menuiseries@gmail.com,,Menuisier,,,,Base donnée AR
KMULTISERVICES,SAS,,"412 ROUTE DE SAINT SIMON, 31100 TOULOUSE, France",0659316809,k.multiservices311@gmail.com,,"Menuisier,Serrurier,Vitrier,Poseur de cuisine,Poseur de dressing,Menuisier Poseur,Poseur de veranda",,Oui,non,Base donnée AR
l'art du plâtre,EI,,"60 Chemin du Renard, 31100 Toulouse, France",=+33773079512,art.duplatre01@gmail.com,,"Plaquiste,Plâtrier",,,,Base donnée AR
L'Artisan menuisier 31,EI,,"61 Avenue de Connebarrieu, 31700 Blagnac, France",=+33768054781,eliotbooko@gmail.com,,"Vitrier,Menuisier Poseur,Poseur/réparateur de volet roulant,Poseur de portes et fenêtres",,,,Base donnée AR
L'Electricien,Non spécifié,,"2 Allee Du Catchère, 31770 Colomiers",0620034216,b.olivier@electricien31.sarl,,Électricité,,,,Base donnée AR
L'OMBRE BAIE,SARL,,"2 BOULEVARD DE L'EUROPE, 31120 PORTET SUR GARONNE, France",0667241173,balard@lombrebaie.com,,"Menuisier,Menuisier Poseur,Entreprise de rénovation énergétique",,,,Base donnée AR
LAFAGE SERVICES RENO,SASU,,"32 allée des Alpilles, 31770 COLOMIERS, France",0771180610,lafagser@gmail.com,,Électricité,,,,Base donnée AR
LAVILLE ROBERT – NEWS TOITURES,EI,,"6 rue de la vieille église, 31270 Cugnaux, France",0668773055,newscouverture@gmail.com,,Couvreur,,,,Base donnée AR
LBR France Services,SAS,,"22 Rue du Colibri, 31790 Saint-Jory, France",0783198572,lbrfranceservices@gmail.com,,Entrepreneur BTP,,,,Base donnée AR
le chantier,Non spécifié,,"5 Chemin de Lapujode, 31200 Toulouse, France",=+33771025439,mohamedrachid03@yahoo.com,,Peintre,,,,Base donnée AR
Le Gabale,Auto-entrepreneur,,"48 Bis Avenue de Bouconne, 31530 Lasserre-Pradère, France",0647818190,thomastragnone@hotmail.fr,,"Autres,Maçon",,,,Base donnée AR
Les Services du Loup,EI,,"37B route de Castelnauvou, 31140 St Loup Cammas, France",0667816601,Davidm@hotmail.com,,Plombier,,,,Base donnée AR
LL menuiserie,EI,,"8 Rue Louis Aragon, 31190 Auterive, France",=+33610902217,llmenuserie66@gmail.com,,"Menuisier,Peintre,Charpentier,Couvreur,Menuisier Poseur,Entrepreneur BTP,Nettoyeur de bâtiment,Parqueteur",,,,Base donnée AR
M CONSTRUCTION DURABLE,EI,,"32 Chemin Roudede, 31410 Le Fauga, France",0636401211,contact@mconstructiondurable.fr,,"Plombier,Électricité,Chauffagiste,Plaquiste,Frigoriste,Poseur d'alarme,Spécialiste salle de bains",,,,Base donnée AR
M.A.C.B,EI,,"61 Rue Pierre Cazeneuve, 31200 Toulouse, France",0614313128,reblazoulaker663@gmail.com,,Entrepreneur TCE,,Oui,non,Base donnée AR
M2G ELEC,SARL,,"165 ROUTE DE LAUNAGUET, 31200 Toulouse, France",0781671594,m2gelec31@gmail.com,,Électricité,,,,Base donnée AR
MAACHOU ACHID(40807010000032),EI,,"4 RUE MARIE LOUISE DISSARD, 31300 TOULOUSE, France",0641111420,macrach31@gmail.com,,Entrepreneur TCE,,Oui,non,Base donnée AR
Manulo Bat,EI,,"54 avenu des Pyrénées, 31410 Mauzac, France",0615040695,manulobat66@gmail.com,,Pisciniste,,,,Base donnée AR
MAZZAGRANI ELECTRICITE,EI,,"4 RUE DE LA VENDEE, 31100 TOULOUSE, France",0651993104,eurimazagrani@gmail.com,,(Non spécifiée),,Oui,non,Base donnée AR
MC2L ELEC,SARL,,"17 rue Thomas COSTANZO, 31280 DREMIL-LAFAGE, France",0686103658,mickael.duchene@outlook.com,,Électricité,,,,Base donnée AR
MD CONSTRUCTION,SAS,,"83 avenue de lombez, 31300 Toulouse, France",0753597525,mmder60@gmail.com,,Entreprise de construction,,,,Base donnée AR
MD PLAQUISTE,Auto-entrepreneur,,"4 Impasse du Pinet, 31470 Fonsorbes, France",33636200770,mdplaquiste@sfr.fr,,Plaquiste,,,,Base donnée AR
MDBAT,EI,,"33 rue pierre contrasty, 31620 fronton, France",0671745028,md.bat@hotmail.com,,"Couvreur,Démolisseur,Enduiseur,Chauffagiste,Ravaleur,Serrurier,Pisciniste,Menuisier Poseur,Poseur de véranda",,,,Base donnée AR
MECOWORKS,SARL,,"ZAC du Boutet, 18 avenue Marconi, 31470 Saint-Lys, France",0622892315,mw.ext@mecoworks.com,,Entrepreneur BTP,,,,Base donnée AR
Menuisier Toulouse,SARL,,"64 rue saint Roch, 31400 Toulouse, France",0699288749,menuisier.toulouse31@gmail.com,,Menuisier,,,,Base donnée AR
mhamdi,EI,,"12 route de gare, 31130 toulouse, France",0641883789,dhiamhamdi1991@gmail.com,,Enduiseur,,,,Base donnée AR
Mhamdi Khaled,Auto-entrepreneur,,"9 rue jean waser, 31100 Toulouse, France",0651621436,khaledbos@hotmail.fr,,Entrepreneur BTP,,,,Base donnée AR
Michaud Émilie,Non spécifié,,"25 Rue Voltaire, 31520 31520, France",=+33685876677,emie.mcd@gmail.com,,Service à la personne,,,,Base donnée AR
Midi Alliance Habitat,SARL,,"2 bis chemin de Candie, 31120 Portet sur Garonne, France",0688100446,contact.midialliancehabitat@gmail.com,,Couvreur,,,,Base donnée AR
MIDI AQUITAINE(49963604100026),SARL,,"5 RTE DE GRISOLLES, 31330 ONDES, France",0582950647,administratif@midi-aquitaine.com,,"Charpentier,Couvreur,Dalleur,Carreleur,Démolisseur,Entreprise de construction,Enduiseur,Chauffagiste,Chapiste,Auditeur énergétique,Autres",,,,Base donnée AR
MK-elec,EI,,"28 rue du capitoul, 31140 Aucamvill, France",0652860931,mk31.pro.tls@gmail.com,,Électricité,,,,Base donnée AR
Mk.constructions,SASU,,"4 rue de limogne, 31770 Colomiers, France",0650537962,M.k.31constructions@gmail.com,,"Service à la personne,Entreprise de construction",,,,Base donnée AR
ML.ELEC,EI,,"21 rue Pierre Brossolette, 31140 Montberon, France",0770250277,ludoelec31@gmail.com,,Électricité,,,,Base donnée AR
Mo'peinture,Auto-entrepreneur,,"384 chemin du picatou, 31330 Larra, France",0629328257,mo.peinturepro@gmail.com,,Peintre,,,,Base donnée AR
MSE façade,EI,,"1455 bis route de Bérat, 31410 Lavernose-Lacasse, France",0630434089,msefacade@gmail.com,,Enduiseur,,,,Base donnée AR
MSZ Energy,EI,,"36 Avenue Jean-Baptiste de Lamarck 31130 Balma, 31130 Balma, France",0759011100,mszenergy31@gmail.com,,Installateur de panneaux solaires / photovoltaïques,,,,Base donnée AR
MURNOVA,EI,,"193 Bis Avenue Héloise Douzans, 31600 Muret, France",33695466515,murnova31@gmail.com,,"Enduiseur,Ravaleur façade ITE,Peintre en bâtiment",,,,Base donnée AR
Netom,Micro-entreprise,,"2 rue d'Aranches, 31200 Toulouse, France",0781593701,iemaplschan1@gmail.com,,Entreprise de rénovation énergétique,,,,Base donnée AR
nettoyage mct,Non spécifié,,"1 rue des fauvettes, 31700 BEAUZELLE, France",0784724547,nettoyagemct@gmail.com,,Nettoyeur de bâtiment,,,,Base donnée AR
Norhas plomberie,SARL,,"14 CHEMIN DE LA CHASSE, 31770 COLOMIERS, France",0759542813,norhas.plomberie@gmail.com,,Plombier,,,,Base donnée AR
NOVACO conciergerie,Non spécifié,,"7 Rue de Briançon, 31500 Toulouse, France",=+33749591067,rzouguia31500@gmail.com,,"Service à la personne,Peintre,Spécialiste aménagement de combles,Nettoyeur de bâtiment",,,,Base donnée AR
NOVADIA ENERGIE,SASU,,"10 Rue Henri Turner 31100 Toulouse, 31100 Toulouse, France",0567680557,administration@novadia-energie.fr,,Chauffagiste,,,,Base donnée AR
ns plomberie,SAS,,"8 RUE GEORGES BRASSENS, 31140 FONBEAUZARD, France",0972895289,fl.nsplomberie@gmail.com,,"Service à la personne,Plombier",,,,Base donnée AR
Occilec,EURL,,"102bis rue de guyenne, 31600 Muret, France",0683658017,occilec@gmail.com,,"Plombier,Électricité,Chauffagiste,Frigoriste,Poseur d'alarme,Spécialiste salle de bains",,,,Base donnée AR
OCCINOVA,EI,,"5 impasses Louis Jaucourt, 31270 Cugnaux, France",0661223451,glaurent@occinova.fr,,Électricité,,,,Base donnée AR
On Electricité,Non spécifié,,"13 rue de la plaine, 31150 GRATENTOUR, France",0761692405,contact@on-elec.fr,,Électricité,,,,Base donnée AR
Patrick Plomberie Chauffage,EI,,"24 chemin d'Embousc, 31840 Aussonne, France",0687096151,bel.patrick@wanadoo.fr,,"Plombier,Chauffagiste,Frigoriste,Spécialiste salle de bains,Installateur de pompe à chaleur,Technicien CVC,Technicien en climatisation",50393825000019,,,Base donnée AR
Pefite,Non spécifié,,"1 chemin de la terrasse, 31500 Toulouse, France",0762680774,pellitecontact@gmail.com,,Peintre,,,,Base donnée AR
PLACTLSE,Non spécifié,,"5 avenue Arthur huc, 31100 Toulouse",0773906261,m.benzouaoui31@gmail.com,,Plaquiste,,,,Base donnée AR
PLATRERIE DE L'OCCITAN,Non spécifié,,"10 avenues du grand ramier, 31400 toulouse",0774791769,soufyane6627@hotmail.com,,Plaquiste,,,,Base donnée AR
plâtrerie Toulouse,EI,,"41 rue duhoda 31100, 31100 Toulouse, France",0635973819,cmedjdahri022@gmail.com,,"Peintre,Plaquiste",97749190100012,Oui,,Base donnée AR
plomb tech,Auto-entrepreneur,,"17 rue des mesanges, 31810 vernet, France",0778827396,quentinmarty04@gmail.com,,"Service à la personne,Plombier",95102230000010,,,Base donnée AR
plomberie chauffage tech-services,Non spécifié,,"15 chemin du Renard, 31100 Toulouse, France",0652653147,plombiertec@gmail.com,,Plombier,,,,Base donnée AR
Plomberie clim pro,Non spécifié,,"38 rue paul gauguin, 31100 TOULOUSE",0620033804,mohamed-baghdad@hotmail.fr,,Frigoriste,,,,Base donnée AR
Plomberie G Bernon,EI,,"4 Chemin Des Ajoncs, 31470 st lys, France",0681806525,gabriel.bernon@gmail.com,,"Plombier,Carreleur,Chauffagiste,Spécialiste salle de bains",,,,Base donnée AR
Plomberie Raynald,Non spécifié,,"202 place du Village, 31330 Saint Cezert",0688044566,fred.raynald@orange.fr,,Plombier,,,,Base donnée AR
pptravaux31,Non spécifié,,"83 rue dû Feretra, 31400 Toulouse",0634233937,amri18@outlook.fr,,Entrepreneur BTP,,,,Base donnée AR
Pure’Plac,Non spécifié,,"4 impasse Jean Ferrat, 31190 Miremont",0767187311,pure.plac31@gmail.com,,Plaquiste,,,,Base donnée AR
Quentin Morel,EI,,"4 Rue SARTHE, 31120 Roquettes, France",0699074443,qmorel@gmail.com,,Électricité,,,,Base donnée AR
Quick burger,Non spécifié,,"64 allée de Bellefontaine, 31100 Toulouse, France",0662448348,quick209@outlook.fr,,Maçon,,,,Base donnée AR
R&M Group,SARL,,"24 chemin du rougeron, 31600 Lherm, France",0789413054,rayanshah17@gmail.com,,"Électricité,Charpentier,Dalleur,Démolisseur,Entreprise de construction,Terrassier,Plaquiste,Ravaleur,Chapiste,Pisciniste,Menuisier Poseur,Entrepreneur BTP",,,,Base donnée AR
RÉALISATIONS CORREIA,SARL,,"190 Rue Nicolas Louis Vauquelin, 31100 TOULOUSE, France",0675213455,realisationsr.correia@hotmail.com,,"Charpentier,Couvreur,Carreleur,Démolisseur,Entreprise de construction,Terrassier,Entrepreneur BTP,Spécialiste salle de bains,Entreprise de fondations,Entreprise de Terrassement,Maçon",,,,Base donnée AR
Rech,EI,,"6 avenues gutenberg, 31120 Portet-sur-Garonne, France",0635283947,rechnitossi1@gmail.com,,Charpentier,,,,Base donnée AR
reflex rénovation,SASU,,"5 rue Jean Perrin, 31240 saint jean, France",0749182722,reflexrenovation@sfr.fr,,Peintre,,,,Base donnée AR
Reno9 plomberie,Auto-entrepreneur,,"4 rue renée alpe, 31000 Toulouse, France",0757578082,reno9plomberie@gmail.com,,Plombier,,,,Base donnée AR
Rénoconseil31,EI,,"1 rue Gerard Philipe, 31130 BALMA (31130), France",0782486351,contact.renoconseil31@gmail.com,,Entrepreneur TCE,,,,Base donnée AR
renov peinture31,Non spécifié,,"21 avenue de la bourgade, 31270 frouzins",0769812002,renov31@gmx.fr,,Peintre,,,,Base donnée AR
Resineko,Non spécifié,,"67 rue de la république, 31700 Daux",0783693101,contact@resineko.com,,Peintre,,,,Base donnée AR
RGUIBI MOHAMED,EI,,"133 route de saint Simon, 31100 Toulouse, France",0664845687,mrguibi1979@gmail.com,,Plombier,,Oui,non,Base donnée AR
Ritmi Mohamed,Auto-entrepreneur,,"8 Chemin des Terres-Hautes, 31670 Labège, France",33669536677,medritmi060@gmail.com,,Plaquiste,,,,Base donnée AR
Rn joint,SAS,,"1 RUE EMILE HEYBRARD, 31300 TOULOUSE, France",0660386919,habib65000@outlook.com,,Plaquiste,,,,Base donnée AR
Roc Azur Construction,EI,,"Rue de la Tour, 31650 Saint-Orens De Gameville, France",0688171727,lisa.beckmann@orange.fr,,Électricité,,,,Base donnée AR
ROUABAH Florian,EI,,"1 route de daux, 31700 MONDONVILLE, France",0623964143,florian.rouabah@gmail.com,,Pisciniste,,,,Base donnée AR
Rs façades,SAS,,"14 Impasse du Cimetière de Croix Daurade, 31200 Toulouse, France",33751104612,Rs.facades@yahoo.com,,"Enduiseur,Ravaleur façade ITE,Façadier,Maçon",,,,Base donnée AR
RS.ELEC31,EI,,"1 Rue Valentina Teretchkova bâtiment D3 aprt 301, 31400 Toulouse, France",0664020265,rs.elec31@gmail.com,,Électricité,,,,Base donnée AR
S'ELECT ENERGIE,EI,,"136 chemin de la Pépinière, 31270 VILLENEUVE TOLOSANE, France",0661800934,contact.selectenergie@gmail.com,,Électricité,,,,Base donnée AR
Sala & G,Non spécifié,,"31 Avenue Emile Dewoitine, 31200 Toulouse",0769933942,kevingervais31@gmail.com,,Peintre,,,,Base donnée AR
SALVADOR STEPHANE - 2s.electricite,Auto-entrepreneur,,"926 AV DE TOULOUSE, 31600 SEYSSES, France",0603500773,2s.electricite31@gmail.com,,Électricité,,,,Base donnée AR
SAM FACADE,SARL,,"4 place de l'écluse, 31770 COLOMIERS, France",0768700140,sam-facade@outlook.fr,,"Peintre,Enduiseur,Ravaleur,Ravaleur façade ITE,Façadier,Peintre en bâtiment,Entreprise d'isolation",,,,Base donnée AR
Sam service,Non spécifié,,"29 Chemin de pirot, 31200 Toulouse, France",0751330051,hesamoffice1978@gmail.com,,Plombier,,,,Base donnée AR
saoud.m.carrelage,Non spécifié,,"198 route de launaguet, 31200 Toulouse",0641060973,saoudimomo164@gmail.com,,Carreleur,,,,Base donnée AR
saoudi plâtrerie,Non spécifié,,"57 Route de Seysses, 31100 Toulouse",=+33751130077,saoudihamza740@gmail.com,,Enduiseur,,,,Base donnée AR
Sarl benazet,SARL,,"23 avenue de la mouyssaguese, 31280 Dremil lafage, France",0623499663,nicolas.camanase@gmail.com,,Ravaleur façade ITE,,,,Base donnée AR
Sarl IPGO,EI,,"72 CHEMIN DE LAGRANGE, 31120 ROQUES, France",0972643487,travaux@ipgo.fr,,Entrepreneur BTP,79525941500037,,,Base donnée AR
SARL jaubert,Non spécifié,,"Route De Capet, 31620 Labastide St Sernin, France",0620273611,jaubertdom@free.fr,,Peintre,,,,Base donnée AR
SARL LS2P,SARL,,"14 8 rue du développement, 31320 castanet tolosan, France",0686617727,contact@ls2p.fr,,"Plombier,Chauffagiste,Autres",,,,Base donnée AR
Sarl SPS CARRELAGE,SARL,,"4 Rue de Caulet, 31300 TOULOUSE, France",0612014984,sarlspscarrelage@gmail.com,,"Peintre,Carreleur,Parquetiste,Plaquiste,Spécialiste salle de bains",,,,Base donnée AR
SAS MA RÉNOVATION,SASU,,"22 CHE MARIAL, 31470 FONSORBES, France",0658544395,sas.ma.renovation@gmail.com,,Maçon,97811341300014,,,Base donnée AR
SASU MOULAHI,Non spécifié,,"15 Rue des Agapanthes, 31830 Plaisance-du-Touch",0744810438,rachidadnen@gmail.com,,Peintre,,,,Base donnée AR
Sb31,EI,,"1 rue d’Alençon, 31400 Toulouse, France",0753925886,sb31peinture@gmail.com,,Peintre,,,,Base donnée AR
Sbk31,Auto-entrepreneur,,"1295 route du bragot, 31470 Fonsorbes, France",0695575417,s.ossama71@yahoo.fr,,Peintre,,,,Base donnée AR
sd renovation,Non spécifié,,"261 chemin des vignes, 31370 bérat",0619775184,Contact@sdrenovation-toulouse.fr,,Peintre,,,,Base donnée AR
SERENITYRI V31,Auto-entrepreneur,,"35 avenue de Pyrénées, 31780 castelginest, France",0630240390,Serenityri v31@gmail.com,,Carreleur,,,,Base donnée AR
SERU PRETA,SAS,,"21 IMPASSE TONY NONCET, 31300 TOULOUSE, France",0695989305,serupreta@gmail.com,,"Démolisseur,Parquetiste,Serrurier,Vitrier,Menuisier Poseur,Poseur de véranda,Entrepreneur BTP,Autres,Ferronnier",,,,Base donnée AR
service de la garonne,Auto-entrepreneur,,"18 bd de la gare, 31500 toulouse, France",0769717759,msdbahimehdi@gmail.com,,Carreleur,,,,Base donnée AR
Simalik Rénovation,Non spécifié,,"25 CHEMIN DU SEMINAIRE, 31200 Toulouse",0656869166,malekamri31@live.com,,Menuisier,,,,Base donnée AR
SN carrelage,Auto-entrepreneur,,"35 avenue Henri Martin, 31770 colomiers, France",0641065112,senusi202@icer@gmail.com,,Carreleur,,,,Base donnée AR
sogeba 31,EI,,"2 rue des etangs, 31650 saint Orens de Gameville, France",0782361449,Sogeba.31@gmail.com,,Service à la personne,,,,Base donnée AR
Solarrec,Non spécifié,,"8 PLACE ROGER SALENGRO, 31000 Toulouse",0685474782,belghoulk@yahoo.com,,Chauffagiste,,,,Base donnée AR
ST services tayeb,Non spécifié,,"104 ancienne route impériale, bâtiment B3 apt 159, 31120 Portet-sur-Garonne, France",0673540126,st.services.tayeb@gmail.com,,Démolisseur,,,,Base donnée AR
STF TOITURES,SASU,,"212 avenue des états unis, 31200 Toulouse, France",0768430301,stftoitures@yahoo.com,,Étancheur,,,,Base donnée AR
STM CONSTRUCTION,SARL,,"30 RUE de Launay 31330, 31330 grenade, France",0695348156,STM31330@outlook.com,,Maçon,93452607000016,,,Base donnée AR
SUD OUEST CHARPENTE,EI,,"1 rue du merlot, 31470 fonsorbes, France",0628525804,ulian-yaer@gmail.com,,Charpentier,,,,Base donnée AR
SV Design,SARL,,"315 Route de Bazus, 31380 MONTJOIRE, France",0612992958,svdesign31@gmail.com,,Menuisier Poseur,,,,Base donnée AR
T&N facade,SARL,,"8 RUE DU SARRALHE, 31490 Leguevin, France",0647208649,tnfacade@gmail.com,,Façadier,83035316500046,,,Base donnée AR
TDE,SASU,,"942 ROUTE DE LA COTE ROUGE, 31330 MERVILLE, France",0611577848,mathieu-dubreuil@orange.fr,,(Non spécifiée),,,,Base donnée AR
TDM SERVICES,SARL,,"18 RUE DU ZEPHIR, 31470 FONSORBES, France",0660393239,contact@tdmservice.fr,,Autres,,Oui,oui,Base donnée AR
Tegguer omar,EI,,"7 Rue des Parets, 31270 Villeneuve-Tolosane, France",=+33782284769,Omartegguer3@gmail.com,,"Peintre,Peintre en bâtiment",,,,Base donnée AR
TMG Travaux,Non spécifié,,"6 impasse des Argoulets, 31500 Toulouse",0766904640,elhalwagyasad2@gmail.com,,Entreprise de construction,,,,Base donnée AR
TOSUN CARRELAGE,EI,,"1 Rue Mathieu Berdoulat, 31100 Toulouse, France",=+33753254863,tosuncarrelage31@outlook.fr,,Carreleur,,,,Base donnée AR
TOULOUSE TRAVAUX RENOVATION,EI,,"8 avenue Salvador allende, 31170 COLOMIERS, France",0783008000,toulousetravauxrenov@gmail.com,,"Peintre,Carreleur,Enduiseur,Plaquiste,Ravaleur,Entrepreneur BTP",,,,Base donnée AR
tout parquet 31,Non spécifié,,"16 impasse René Fonck, 31300 Toulouse",0625680809,lakmostefa@gmail.com,,Parquetiste,,,,Base donnée AR
TPH,Non spécifié,,"11 Rue Floréal, 31130 Balma, France",0749291749,bouzdomain@gmail.com,,Maçon,,,,Base donnée AR
TSO,Non spécifié,,"15 Rue Boudeville, 31100 TOULOUSE",0636479794,admin@couvreurs-occitans.fr,,Panneaux solaires / photovoltaïques,,,,Base donnée AR
UP31,EI,,"23 Rue Saint Exupery, 31140 SAINT-ALBAN, France",0767190497,urgenceplomberie31@gmail.com,,"Plombier,Chauffagiste",,,,Base donnée AR
Videm energie,Non spécifié,,"17 Rue du Vieux Chemin de Muret, 31270 Villeneuve-Tolosane, France",0607073187,videm.energie@gmail.com,,Frigoriste,,,,Base donnée AR
Voxtar solar,Non spécifié,,"47 rue du général de gaule, 31600 seyes",0688629898,voxtar.solar@gmail.com,,Électricité,,,,Base donnée AR
WL Entreprise du bâtiment,Non spécifié,,"109 Avenue de Lespinet, 31400 Toulouse, France",=+33078048076,WL.entreprise.one@gmail.com,,"Couvreur,Peintre en bâtiment",,,,Base donnée AR
YC peinture,Auto-entrepreneur,,"8 chemin de rispet, 31200 Toulouse, France",0761141128,chergui.youssef478@gmail.com,,Peintre,,,,Base donnée AR
YM RENOVATION,SARL,,"BUREAU 3, 5 RUE DE LA COLOMBETTE, 31000 TOULOUSE, France",0769198218,contact@ymrenovation.fr,,Entrepreneur TCE,,,,Base donnée AR
yskplatrerie,EI,,"11 rue Victor Hugo, 31520 Toulouse, France",0695290120,yaskplatrerie@gmail.com,,Plaquiste,,,,Base donnée AR
ZERARI,EI,,"15 RUE DES PECHERS, 31700 MONDONVILLE, France",0676673201,Z.IPEINTURE31@GMAIL.COM,,Peintre,,,,Base donnée AR
ZF bâtiment,Non spécifié,,"2 RUE ALEXANDRA DAVID NEEL, 31140 LAUNAGUET",0760460286,raolisoayohan@gmail.com,,Entrepreneur BTP,,,,Base donnée AR
DE ALMEIDA EURL,,DE ALMEIDA,VILLARIES,05.34.27.53.24,eurlalmeida@orange.fr,,Enduiseur,,Oui,,VAGIT
DE LIMA PRO'DECO,,DE LIMA CORREIA José,BRUGUIERES,05.62.14.61.50,delima-facades@orange.fr ,QUALIBAT,Enduiseur,,Oui,,VAGIT
A.C.E.S,,TOURNIER-EON ,MURET ,05 62 20 00 60 ,eurl.aces@orange.fr,,Electricité,,Oui,,VAGIT
CARRERE Pére et Fils ,,CARRERE ,FONSORBES ,0562202387,jerguy.007@orange.fr,,Electricité,,Oui,,VAGIT
CLIMAX,,BOUTIE,TOULOUSE,05-34-61-44-14,sandrine@climax.fr,,Technicien en climatisation,,Oui,,VAGIT
COINAUD Emmanuel MANUELEC,,COINAUD Emmanuel,NOE,06.58.69.82.89,emmanuel.coinaud@orange.fr,,Electricité,,Oui,,VAGIT
ELEC P2C,,NASRI Ali Daly,CUGNAUX,06.07.44.58.96,elecp2c@wanadoo.fr,,Electricité,,Oui,,VAGIT
ELECLIM Groupe Sud Ouest SAS ,,,PIBRAC,06.67.56.48.61,eleclim31@gmail.com,,Electricité,,Oui,,VAGIT
FRANCOFA EURODIS ,,ROBERT  ,NEUILLY PLAISANCE     ,0184811111,,,Electricité,,Oui,,VAGIT
FREITAS'ELEC,,MARTINS FREITAS OSCAR,LABARTHE-SUR-LEZE,06.46.41.57.93,freitas.oscar@icloud.com,,Electricité,,Oui,,VAGIT
LASER CHAPE,,DE NADAI,LAUZERVILLE,05-61-39-90-45,laser-chape@wanadoo.fr,,Chape liquide,,Oui,,VAGIT
LES 4 A,,ANDRIEU Jean-Paul,L'ISLE EN DODON,06 50 56 41 79,les4andrieu@gmail.com,,Technicien en climatisation,,Oui,,VAGIT
MONTASSIER ALAIN (EAMRenov),,MONTASSIER ALAIN,TOULOUSE,06.77.06.91.50,eamrenov@outlook.fr,,Electricité,,Oui,,VAGIT
PAMI,,BOUTIRON Antoine ,CAMBON D'ALBI,05.61.41.59.51,pamisarl@orange.fr,,"Anti termite,Etanchéité",,Oui,,VAGIT
PROFLUIDE MIDI PYRENEES,,DEVIDAL Stéphane,LA SALVETAT SAINT GILLES,05.34.36.87.87,adm.profluide@gmail.com,,Electricité,,Oui,,VAGIT
RS CLIMELEC ,,RIBEIRO DE SOUSA  ,PLAISANCE DU TOUCH   ,0661507175,rsclimelec@laposte.net,QUALIPAC,Electricité,,Oui,,VAGIT
SERVICE RENO,,LAFAGE Julien,TOULOUSE,771180610,lafagesr@gmail.com,,Multiservies,83950077400022,Oui,,VAGIT
SEYSSES'ELEC  MR BRUN,,BRUN Nicolas  ,SEYSSES,0622404692 ,seysses-elec@wanadoo.fr ,,Electricité,,Oui,,VAGIT
SOLIPAC SAS,,SOLIPAC SAS,PERPIGNAN,04.68.34.17.17,,,Chauffagiste,,Oui,,VAGIT
TECHNISOL,,ROUGET Franck,ALTHEN DES PALUDS,04.90.62.80.00,contact@technisol-france.fr,,Chape liquide,,Oui,,VAGIT
TOULOUSE RENOVATION SERVICES,,CODORNIU Arnaud,TOULOUSE,07.64.21.53.61,contact@toulouse-renovation.fr,,Bureau de controle,,Oui,,VAGIT
UBAT CONTROLE,,QUENNEHEN Vincent,BAIN DE BRETAGNE,02.23.31.21.14,contact@ubat.fr,,Diagnostic,,Oui,,VAGIT
VAL'ELEC,,CAMPS Valérie,LA MAGDELAINE SUR TARN,05.61.74.93.01,valelec@free.fr,,Electricité,,Oui,,VAGIT
AGENCE TOULOUSAINE D'ETANCHEIT,,LANDRON,L'UNION    ,0562221864  ,ate@ate-etancheite.fr ,,Etanchéité,,Oui,,VAGIT
ETANCHEA,,VENZAC Laurent,MONS,,etanchea@gmail.com,,Etanchéité,,Oui,,VAGIT
EGE 31,,BOUHOUT MOURAD,TOULOUSE,07.67.10.93.23,accueilege31@gmail.com,,Etanchéité,,Oui,,VAGIT
FIMUREX AQUITAINE SARL,,TAFFORIN,VALENCE D AGEN CEDEX,05.63.29.62.02,s.barbe@fimurex.com ,,Etude de sol,,Oui,,VAGIT
BESF,,ESSONO ONDO,CAMBIAC   ,0784208540 ,b.essono@besf.eu,,Etude de sol,,Oui,,VAGIT
BASTIDE BONDOUX,,BELLEMAIN,CHAPONOST,04.78.16.07.16,,,Etude thermique,,Oui,,VAGIT
ALLO DIAGNOSTIC  ,,,CESSON SEVIGNE        ,05.61.21.27.83,,,"Etude thermique,DPE",,Oui,,VAGIT
JROBERT INGENIERIE,,Philippe ROQUES,TOULOUSE,05 34 51 29 67,be@berobert.com,,Etude béton,,Oui,,VAGIT